transaction_id,sender_id,receiver_id,amount,timestamp
T0001,ACC_005,ACC_025,7645,2024-01-15 04:30:00
T0002,ACC_176,ACC_014,3574,2024-01-27 11:31:00
T0003,ACC_158,ACC_047,736,2024-02-02 18:50:00
T0004,ACC_141,ACC_091,7793,2024-01-23 16:09:00
T0005,ACC_123,ACC_184,8241,2024-01-12 12:04:00
T0006,ACC_060,ACC_089,5564,2024-01-07 10:39:00
T0007,ACC_022,ACC_040,8082,2024-01-14 04:38:00
T0008,ACC_153,ACC_099,7339,2024-01-04 06:47:00
T0009,ACC_090,ACC_016,6895,2024-01-14 22:50:00
T0010,ACC_200,ACC_177,4652,2024-01-29 04:05:00
T0011,ACC_160,ACC_151,9951,2024-01-11 02:00:00
T0012,ACC_016,ACC_188,3652,2024-01-24 07:41:00
T0013,ACC_153,ACC_083,7094,2024-01-12 10:19:00
T0014,ACC_188,ACC_085,3164,2024-01-11 20:00:00
T0015,ACC_094,ACC_050,5606,2024-01-01 10:17:00
T0016,ACC_174,ACC_199,481,2024-02-04 13:10:00
T0017,ACC_070,ACC_181,638,2024-02-01 18:15:00
T0018,ACC_013,ACC_112,6760,2024-01-02 17:06:00
T0019,ACC_035,ACC_193,3502,2024-02-04 00:29:00
T0020,ACC_002,ACC_092,6988,2024-01-10 00:25:00
T0021,ACC_149,ACC_101,7558,2024-01-17 15:55:00
T0022,ACC_076,ACC_122,5552,2024-01-25 10:09:00
T0023,ACC_157,ACC_110,2675,2024-02-03 19:38:00
T0024,ACC_169,ACC_070,1666,2024-01-26 05:23:00
T0025,ACC_031,ACC_058,5322,2024-01-05 12:52:00
T0026,ACC_047,ACC_021,5496,2024-01-08 19:15:00
T0027,ACC_164,ACC_084,6519,2024-01-20 01:33:00
T0028,ACC_126,ACC_079,8150,2024-01-26 05:45:00
T0029,ACC_160,ACC_011,4121,2024-01-12 04:31:00
T0030,ACC_025,ACC_010,2808,2024-01-18 12:47:00
T0031,ACC_023,ACC_047,8514,2024-01-24 20:48:00
T0032,ACC_036,ACC_029,6401,2024-01-23 01:18:00
T0033,ACC_199,ACC_186,8263,2024-01-06 15:41:00
T0034,ACC_200,ACC_025,7456,2024-02-02 05:10:00
T0035,ACC_130,ACC_036,2003,2024-01-31 17:34:00
T0036,ACC_041,ACC_022,3138,2024-02-01 18:32:00
T0037,ACC_180,ACC_104,5489,2024-01-05 01:07:00
T0038,ACC_115,ACC_159,7668,2024-01-23 21:37:00
T0039,ACC_056,ACC_006,5562,2024-01-22 14:10:00
T0040,ACC_042,ACC_079,7177,2024-02-04 01:47:00
T0041,ACC_108,ACC_105,894,2024-01-31 14:06:00
T0042,ACC_097,ACC_167,6191,2024-01-26 01:17:00
T0043,ACC_072,ACC_138,3036,2024-01-17 00:07:00
T0044,ACC_175,ACC_001,1575,2024-02-04 08:45:00
T0045,ACC_087,ACC_125,6072,2024-01-26 12:24:00
T0046,ACC_027,ACC_093,5097,2024-01-27 05:56:00
T0047,ACC_026,ACC_072,1939,2024-01-03 06:38:00
T0048,ACC_104,ACC_089,2614,2024-01-12 17:49:00
T0049,ACC_044,ACC_077,7806,2024-02-02 23:10:00
T0050,ACC_069,ACC_060,4782,2024-01-02 18:17:00
T0051,ACC_100,ACC_105,836,2024-01-23 10:29:00
T0052,ACC_026,ACC_012,6650,2024-01-08 22:33:00
T0053,ACC_194,ACC_019,4840,2024-01-10 02:56:00
T0054,ACC_103,ACC_036,1627,2024-01-11 20:47:00
T0055,ACC_057,ACC_039,4747,2024-01-03 00:08:00
T0056,ACC_174,ACC_104,3397,2024-01-04 11:26:00
T0057,ACC_009,ACC_089,7619,2024-02-03 18:21:00
T0058,ACC_171,ACC_200,5057,2024-01-15 20:22:00
T0059,ACC_037,ACC_036,2177,2024-01-07 21:45:00
T0060,ACC_017,ACC_134,7158,2024-01-17 14:01:00
T0061,ACC_135,ACC_159,9357,2024-01-24 18:30:00
T0062,ACC_019,ACC_051,1235,2024-01-29 22:17:00
T0063,ACC_047,ACC_115,7051,2024-01-15 09:49:00
T0064,ACC_086,ACC_192,6187,2024-01-03 09:33:00
T0065,ACC_157,ACC_113,2098,2024-01-18 10:45:00
T0066,ACC_007,ACC_160,4836,2024-01-03 12:46:00
T0067,ACC_152,ACC_001,1605,2024-01-19 08:26:00
T0068,ACC_054,ACC_015,4425,2024-01-08 07:21:00
T0069,ACC_196,ACC_192,4585,2024-01-10 01:34:00
T0070,ACC_099,ACC_151,8116,2024-01-31 14:14:00
T0071,ACC_014,ACC_016,1804,2024-01-18 03:41:00
T0072,ACC_079,ACC_153,5802,2024-02-03 11:00:00
T0073,ACC_074,ACC_194,1683,2024-01-04 18:39:00
T0074,ACC_191,ACC_085,3990,2024-01-14 08:07:00
T0075,ACC_113,ACC_038,4572,2024-01-18 07:41:00
T0076,ACC_097,ACC_086,5956,2024-01-20 11:13:00
T0077,ACC_001,ACC_008,2548,2024-01-26 19:48:00
T0078,ACC_113,ACC_167,1613,2024-01-20 02:30:00
T0079,ACC_015,ACC_054,5878,2024-01-06 07:37:00
T0080,ACC_152,ACC_033,5394,2024-01-22 05:13:00
T0081,ACC_005,ACC_124,984,2024-01-31 18:37:00
T0082,ACC_140,ACC_093,4829,2024-01-13 22:19:00
T0083,ACC_043,ACC_183,8230,2024-01-16 07:09:00
T0084,ACC_042,ACC_060,2015,2024-01-14 02:37:00
T0085,ACC_143,ACC_038,2108,2024-01-13 03:05:00
T0086,ACC_123,ACC_067,8835,2024-01-13 02:57:00
T0087,ACC_073,ACC_120,849,2024-01-17 17:50:00
T0088,ACC_015,ACC_077,9635,2024-02-02 22:49:00
T0089,ACC_197,ACC_007,8625,2024-01-10 03:09:00
T0090,ACC_004,ACC_030,6281,2024-01-04 11:36:00
T0091,ACC_041,ACC_168,1971,2024-02-04 19:11:00
T0092,ACC_065,ACC_109,8665,2024-01-17 18:26:00
T0093,ACC_114,ACC_027,8675,2024-01-25 01:08:00
T0094,ACC_171,ACC_041,1166,2024-01-04 23:20:00
T0095,ACC_151,ACC_167,4312,2024-01-17 22:08:00
T0096,ACC_073,ACC_174,5515,2024-01-30 03:54:00
T0097,ACC_142,ACC_172,9823,2024-01-05 03:26:00
T0098,ACC_197,ACC_083,5463,2024-01-17 20:04:00
T0099,ACC_047,ACC_014,8868,2024-01-16 00:42:00
T0100,ACC_031,ACC_100,6405,2024-01-25 09:45:00
T0101,ACC_045,ACC_059,3104,2024-01-11 01:52:00
T0102,ACC_069,ACC_018,8817,2024-01-19 21:59:00
T0103,ACC_014,ACC_042,7926,2024-01-11 09:00:00
T0104,ACC_057,ACC_148,7829,2024-01-23 21:56:00
T0105,ACC_074,ACC_163,2494,2024-01-05 15:34:00
T0106,ACC_021,ACC_066,8793,2024-01-06 13:04:00
T0107,ACC_011,ACC_111,9906,2024-01-03 00:11:00
T0108,ACC_012,ACC_010,5754,2024-01-17 18:46:00
T0109,ACC_032,ACC_082,212,2024-01-25 19:06:00
T0110,ACC_069,ACC_120,6033,2024-02-02 08:08:00
T0111,ACC_093,ACC_199,7600,2024-02-01 02:09:00
T0112,ACC_019,ACC_107,7096,2024-01-22 00:20:00
T0113,ACC_052,ACC_125,8021,2024-01-02 16:53:00
T0114,ACC_171,ACC_098,5198,2024-01-11 00:42:00
T0115,ACC_020,ACC_019,5375,2024-01-12 08:09:00
T0116,ACC_194,ACC_190,6464,2024-01-22 17:42:00
T0117,ACC_087,ACC_146,6497,2024-01-02 08:01:00
T0118,ACC_040,ACC_078,7692,2024-01-13 22:10:00
T0119,ACC_060,ACC_043,5704,2024-01-26 09:21:00
T0120,ACC_143,ACC_131,6067,2024-01-03 21:46:00
T0121,ACC_084,ACC_144,3630,2024-02-02 17:02:00
T0122,ACC_178,ACC_018,6659,2024-01-03 16:38:00
T0123,ACC_115,ACC_073,5401,2024-01-08 19:25:00
T0124,ACC_091,ACC_104,9321,2024-01-03 12:08:00
T0125,ACC_091,ACC_029,3438,2024-01-01 17:57:00
T0126,ACC_079,ACC_029,5972,2024-01-24 05:26:00
T0127,ACC_185,ACC_200,1991,2024-01-28 08:58:00
T0128,ACC_015,ACC_068,6879,2024-01-22 18:10:00
T0129,ACC_154,ACC_085,7886,2024-01-01 15:04:00
T0130,ACC_123,ACC_078,404,2024-01-08 09:33:00
T0131,ACC_013,ACC_032,2520,2024-02-03 11:50:00
T0132,ACC_086,ACC_018,9558,2024-01-30 03:25:00
T0133,ACC_100,ACC_129,7094,2024-01-11 09:12:00
T0134,ACC_105,ACC_023,1505,2024-02-04 13:43:00
T0135,ACC_135,ACC_131,3613,2024-01-28 12:14:00
T0136,ACC_126,ACC_137,6715,2024-02-04 05:58:00
T0137,ACC_065,ACC_060,3252,2024-01-10 10:06:00
T0138,ACC_115,ACC_122,4267,2024-01-31 15:52:00
T0139,ACC_024,ACC_096,8568,2024-02-04 05:22:00
T0140,ACC_112,ACC_069,1181,2024-01-05 03:22:00
T0141,ACC_126,ACC_001,6847,2024-01-31 20:15:00
T0142,ACC_115,ACC_062,2415,2024-02-04 19:01:00
T0143,ACC_063,ACC_176,7941,2024-01-15 09:54:00
T0144,ACC_143,ACC_141,6588,2024-01-06 10:44:00
T0145,ACC_176,ACC_052,7358,2024-01-31 20:46:00
T0146,ACC_053,ACC_059,2902,2024-01-18 09:33:00
T0147,ACC_072,ACC_022,4332,2024-01-08 22:47:00
T0148,ACC_050,ACC_101,8390,2024-01-17 09:00:00
T0149,ACC_081,ACC_090,3904,2024-01-15 08:40:00
T0150,ACC_157,ACC_031,323,2024-01-10 02:26:00
T0151,ACC_200,ACC_168,8939,2024-01-12 20:17:00
T0152,ACC_018,ACC_135,1117,2024-01-20 10:40:00
T0153,ACC_134,ACC_139,1187,2024-01-06 09:47:00
T0154,ACC_186,ACC_077,3638,2024-01-03 02:47:00
T0155,ACC_010,ACC_144,528,2024-01-15 04:56:00
T0156,ACC_022,ACC_072,7146,2024-01-23 16:46:00
T0157,ACC_166,ACC_039,2895,2024-01-08 12:53:00
T0158,ACC_096,ACC_051,1119,2024-01-09 10:26:00
T0159,ACC_081,ACC_105,1888,2024-01-20 23:55:00
T0160,ACC_187,ACC_165,7053,2024-01-13 08:45:00
T0161,ACC_200,ACC_102,4062,2024-01-17 22:13:00
T0162,ACC_123,ACC_198,6352,2024-01-30 01:57:00
T0163,ACC_175,ACC_136,7644,2024-01-13 01:37:00
T0164,ACC_156,ACC_177,6221,2024-01-18 01:35:00
T0165,ACC_075,ACC_097,4392,2024-01-06 12:01:00
T0166,ACC_173,ACC_194,9972,2024-01-20 07:36:00
T0167,ACC_166,ACC_082,5247,2024-01-15 08:40:00
T0168,ACC_143,ACC_079,4811,2024-01-23 19:02:00
T0169,ACC_045,ACC_119,8128,2024-01-28 16:46:00
T0170,ACC_008,ACC_184,4884,2024-01-01 12:26:00
T0171,ACC_160,ACC_136,9875,2024-01-30 09:59:00
T0172,ACC_153,ACC_114,2863,2024-01-18 10:51:00
T0173,ACC_066,ACC_125,3544,2024-01-25 16:22:00
T0174,ACC_081,ACC_016,5044,2024-02-04 23:50:00
T0175,ACC_090,ACC_168,5188,2024-01-28 18:53:00
T0176,ACC_116,ACC_065,7984,2024-02-02 06:16:00
T0177,ACC_034,ACC_122,663,2024-01-12 00:58:00
T0178,ACC_030,ACC_158,9532,2024-01-24 14:24:00
T0179,ACC_001,ACC_175,9539,2024-01-10 13:07:00
T0180,ACC_166,ACC_006,1858,2024-01-24 05:21:00
T0181,ACC_045,ACC_033,3896,2024-01-21 08:19:00
T0182,ACC_078,ACC_033,420,2024-01-21 01:15:00
T0183,ACC_026,ACC_100,2328,2024-01-23 22:42:00
T0184,ACC_021,ACC_140,3300,2024-01-08 20:31:00
T0185,ACC_030,ACC_073,220,2024-01-11 21:44:00
T0186,ACC_129,ACC_169,4094,2024-01-02 10:29:00
T0187,ACC_117,ACC_007,392,2024-01-30 15:02:00
T0188,ACC_130,ACC_194,3071,2024-02-02 09:52:00
T0189,ACC_197,ACC_122,2325,2024-01-13 13:21:00
T0190,ACC_049,ACC_069,574,2024-01-31 06:09:00
T0191,ACC_044,ACC_016,4026,2024-01-21 08:54:00
T0192,ACC_191,ACC_059,8063,2024-01-29 12:35:00
T0193,ACC_062,ACC_198,870,2024-02-01 10:26:00
T0194,ACC_182,ACC_107,392,2024-01-05 14:48:00
T0195,ACC_084,ACC_115,1590,2024-01-25 20:44:00
T0196,ACC_134,ACC_017,6525,2024-01-07 23:33:00
T0197,ACC_199,ACC_188,6287,2024-01-18 21:21:00
T0198,ACC_088,ACC_079,2697,2024-01-17 04:57:00
T0199,ACC_166,ACC_089,4007,2024-01-11 00:10:00
T0200,ACC_107,ACC_075,4190,2024-02-04 12:55:00
T0201,ACC_053,ACC_062,4988,2024-01-06 03:02:00
T0202,ACC_063,ACC_095,4170,2024-01-22 22:43:00
T0203,ACC_139,ACC_115,5146,2024-01-10 01:10:00
T0204,ACC_026,ACC_129,3481,2024-01-09 05:55:00
T0205,ACC_009,ACC_177,9010,2024-01-02 03:46:00
T0206,ACC_012,ACC_035,6454,2024-01-11 04:15:00
T0207,ACC_196,ACC_005,2805,2024-01-25 16:58:00
T0208,ACC_035,ACC_067,5694,2024-01-24 12:48:00
T0209,ACC_122,ACC_020,556,2024-01-01 16:35:00
T0210,ACC_025,ACC_148,7496,2024-01-24 17:33:00
T0211,ACC_109,ACC_067,9601,2024-01-18 02:38:00
T0212,ACC_064,ACC_090,3888,2024-01-24 16:35:00
T0213,ACC_019,ACC_095,2993,2024-01-24 22:22:00
T0214,ACC_048,ACC_088,6150,2024-02-02 09:07:00
T0215,ACC_146,ACC_154,8104,2024-02-02 20:24:00
T0216,ACC_100,ACC_117,7336,2024-01-07 11:54:00
T0217,ACC_080,ACC_189,8899,2024-01-02 07:50:00
T0218,ACC_047,ACC_035,3029,2024-01-26 11:59:00
T0219,ACC_186,ACC_102,7331,2024-01-08 06:00:00
T0220,ACC_073,ACC_044,7448,2024-01-15 07:56:00
T0221,ACC_061,ACC_081,6941,2024-01-11 00:49:00
T0222,ACC_135,ACC_063,7644,2024-01-14 15:45:00
T0223,ACC_186,ACC_049,6795,2024-02-01 15:56:00
T0224,ACC_022,ACC_053,2091,2024-01-19 08:16:00
T0225,ACC_074,ACC_165,5219,2024-01-14 12:52:00
T0226,ACC_193,ACC_077,4315,2024-01-04 08:22:00
T0227,ACC_145,ACC_009,4145,2024-01-22 14:57:00
T0228,ACC_073,ACC_131,7559,2024-01-31 19:00:00
T0229,ACC_099,ACC_064,2168,2024-02-01 15:09:00
T0230,ACC_095,ACC_090,5233,2024-01-14 19:31:00
T0231,ACC_084,ACC_113,8329,2024-01-22 05:10:00
T0232,ACC_176,ACC_199,9600,2024-01-19 05:28:00
T0233,ACC_069,ACC_174,9334,2024-01-02 11:24:00
T0234,ACC_041,ACC_048,8125,2024-01-11 11:42:00
T0235,ACC_190,ACC_009,3058,2024-01-06 00:52:00
T0236,ACC_129,ACC_089,9868,2024-01-11 05:22:00
T0237,ACC_132,ACC_060,2534,2024-02-03 00:39:00
T0238,ACC_014,ACC_048,2178,2024-01-28 06:53:00
T0239,ACC_172,ACC_015,3577,2024-01-21 18:00:00
T0240,ACC_021,ACC_084,9280,2024-01-31 15:37:00
T0241,ACC_002,ACC_154,7449,2024-01-30 21:31:00
T0242,ACC_160,ACC_043,8801,2024-01-20 05:50:00
T0243,ACC_178,ACC_073,6917,2024-02-03 22:19:00
T0244,ACC_063,ACC_032,2653,2024-01-02 23:26:00
T0245,ACC_093,ACC_157,8189,2024-01-06 08:57:00
T0246,ACC_115,ACC_019,8838,2024-01-21 08:31:00
T0247,ACC_191,ACC_071,9810,2024-01-27 04:57:00
T0248,ACC_143,ACC_083,867,2024-02-02 20:21:00
T0249,ACC_063,ACC_033,7419,2024-01-10 08:55:00
T0250,ACC_112,ACC_061,1698,2024-01-23 19:56:00
T0251,ACC_059,ACC_127,1635,2024-01-04 06:18:00
T0252,ACC_133,ACC_036,7395,2024-01-28 05:19:00
T0253,ACC_125,ACC_184,3635,2024-01-07 04:57:00
T0254,ACC_087,ACC_040,1224,2024-01-06 14:44:00
T0255,ACC_119,ACC_028,291,2024-02-03 07:54:00
T0256,ACC_087,ACC_140,4331,2024-01-05 17:59:00
T0257,ACC_118,ACC_120,7307,2024-01-04 17:02:00
T0258,ACC_048,ACC_067,1365,2024-01-19 14:35:00
T0259,ACC_076,ACC_173,5520,2024-01-10 03:23:00
T0260,ACC_060,ACC_128,4734,2024-02-03 16:55:00
T0261,ACC_136,ACC_123,6347,2024-01-01 16:10:00
T0262,ACC_089,ACC_158,3295,2024-01-17 17:07:00
T0263,ACC_032,ACC_148,3167,2024-01-25 06:54:00
T0264,ACC_181,ACC_016,233,2024-02-01 05:15:00
T0265,ACC_193,ACC_043,7652,2024-01-19 01:42:00
T0266,ACC_043,ACC_158,5413,2024-01-03 20:53:00
T0267,ACC_173,ACC_155,6319,2024-02-01 01:01:00
T0268,ACC_125,ACC_155,9154,2024-01-20 20:19:00
T0269,ACC_117,ACC_157,6133,2024-01-27 02:05:00
T0270,ACC_125,ACC_013,8370,2024-01-07 19:25:00
T0271,ACC_167,ACC_154,8368,2024-01-16 12:10:00
T0272,ACC_005,ACC_025,1192,2024-01-17 10:55:00
T0273,ACC_193,ACC_017,9483,2024-01-30 02:37:00
T0274,ACC_135,ACC_074,2136,2024-01-06 20:59:00
T0275,ACC_158,ACC_097,3089,2024-01-31 02:25:00
T0276,ACC_015,ACC_054,9510,2024-01-18 11:01:00
T0277,ACC_198,ACC_128,1765,2024-01-25 05:19:00
T0278,ACC_021,ACC_034,1112,2024-01-24 11:09:00
T0279,ACC_071,ACC_147,5069,2024-01-09 22:48:00
T0280,ACC_043,ACC_136,453,2024-01-16 06:50:00
T0281,ACC_134,ACC_172,7161,2024-01-30 23:07:00
T0282,ACC_063,ACC_159,3188,2024-01-19 23:20:00
T0283,ACC_143,ACC_143,1848,2024-01-24 00:08:00
T0284,ACC_171,ACC_007,8509,2024-01-02 17:23:00
T0285,ACC_124,ACC_015,8871,2024-01-03 12:19:00
T0286,ACC_003,ACC_063,8616,2024-01-10 19:09:00
T0287,ACC_039,ACC_186,1975,2024-01-05 23:12:00
T0288,ACC_057,ACC_137,2403,2024-01-08 14:52:00
T0289,ACC_049,ACC_024,4720,2024-01-08 22:12:00
T0290,ACC_129,ACC_017,7416,2024-01-26 14:16:00
T0291,ACC_159,ACC_123,8771,2024-01-26 18:45:00
T0292,ACC_013,ACC_174,3196,2024-01-15 19:17:00
T0293,ACC_066,ACC_176,7524,2024-01-09 21:29:00
T0294,ACC_146,ACC_175,6827,2024-01-29 04:19:00
T0295,ACC_065,ACC_162,9912,2024-01-17 00:38:00
T0296,ACC_194,ACC_159,3452,2024-02-03 22:13:00
T0297,ACC_049,ACC_099,9763,2024-01-07 12:11:00
T0298,ACC_073,ACC_048,8427,2024-01-16 18:35:00
T0299,ACC_104,ACC_194,5352,2024-01-07 09:22:00
T0300,ACC_118,ACC_002,6976,2024-01-31 15:32:00
T0301,ACC_043,ACC_194,7503,2024-01-20 18:51:00
T0302,ACC_179,ACC_122,9529,2024-01-18 13:59:00
T0303,ACC_154,ACC_129,6400,2024-01-17 02:17:00
T0304,ACC_178,ACC_102,4543,2024-01-17 17:42:00
T0305,ACC_159,ACC_047,7479,2024-01-21 15:37:00
T0306,ACC_136,ACC_116,5906,2024-01-28 17:38:00
T0307,ACC_196,ACC_007,9404,2024-01-02 19:52:00
T0308,ACC_043,ACC_104,6104,2024-01-22 19:16:00
T0309,ACC_164,ACC_169,9039,2024-01-18 05:42:00
T0310,ACC_111,ACC_005,4675,2024-01-09 18:40:00
T0311,ACC_039,ACC_098,9441,2024-01-05 02:40:00
T0312,ACC_149,ACC_103,3875,2024-01-03 07:22:00
T0313,ACC_168,ACC_153,9106,2024-01-07 06:34:00
T0314,ACC_039,ACC_161,6719,2024-01-25 22:23:00
T0315,ACC_102,ACC_044,5280,2024-01-24 21:45:00
T0316,ACC_143,ACC_056,3130,2024-01-05 04:56:00
T0317,ACC_010,ACC_083,932,2024-01-30 18:52:00
T0318,ACC_098,ACC_178,4240,2024-01-04 20:17:00
T0319,ACC_008,ACC_122,7690,2024-01-24 21:51:00
T0320,ACC_063,ACC_030,2408,2024-01-25 21:41:00
T0321,ACC_154,ACC_051,9434,2024-01-04 12:30:00
T0322,ACC_170,ACC_034,3592,2024-01-16 05:33:00
T0323,ACC_063,ACC_067,5912,2024-01-23 18:45:00
T0324,ACC_051,ACC_164,1435,2024-01-14 17:15:00
T0325,ACC_089,ACC_128,8742,2024-01-28 20:35:00
T0326,ACC_163,ACC_127,2888,2024-01-19 04:12:00
T0327,ACC_096,ACC_066,3794,2024-01-02 10:10:00
T0328,ACC_141,ACC_097,4024,2024-01-03 15:47:00
T0329,ACC_062,ACC_055,4694,2024-01-16 15:17:00
T0330,ACC_131,ACC_022,2278,2024-01-18 18:23:00
T0331,ACC_157,ACC_153,3281,2024-01-10 13:16:00
T0332,ACC_106,ACC_184,3586,2024-01-02 20:50:00
T0333,ACC_107,ACC_049,7397,2024-01-18 16:08:00
T0334,ACC_150,ACC_022,1794,2024-01-14 15:17:00
T0335,ACC_137,ACC_052,2736,2024-01-30 08:18:00
T0336,ACC_138,ACC_012,4327,2024-01-15 14:11:00
T0337,ACC_018,ACC_069,4178,2024-01-26 22:26:00
T0338,ACC_003,ACC_128,2758,2024-01-28 04:27:00
T0339,ACC_059,ACC_195,3397,2024-01-29 10:01:00
T0340,ACC_199,ACC_070,1175,2024-01-22 11:36:00
T0341,ACC_123,ACC_063,2636,2024-01-04 08:14:00
T0342,ACC_166,ACC_093,8262,2024-01-29 23:56:00
T0343,ACC_146,ACC_037,3529,2024-01-07 04:31:00
T0344,ACC_134,ACC_130,8531,2024-01-11 14:50:00
T0345,ACC_051,ACC_033,8835,2024-01-07 11:48:00
T0346,ACC_199,ACC_192,5267,2024-01-12 20:47:00
T0347,ACC_161,ACC_136,8252,2024-01-31 04:47:00
T0348,ACC_008,ACC_079,2923,2024-01-23 18:18:00
T0349,ACC_073,ACC_064,7569,2024-01-23 21:10:00
T0350,ACC_007,ACC_148,7642,2024-01-23 08:29:00
T0351,ACC_025,ACC_144,2525,2024-01-26 12:56:00
T0352,ACC_182,ACC_178,5642,2024-01-24 18:49:00
T0353,ACC_114,ACC_166,7365,2024-01-06 18:02:00
T0354,ACC_198,ACC_166,8546,2024-01-29 14:53:00
T0355,ACC_154,ACC_031,2950,2024-01-13 09:35:00
T0356,ACC_073,ACC_045,5444,2024-01-10 08:11:00
T0357,ACC_120,ACC_045,9636,2024-02-03 10:07:00
T0358,ACC_193,ACC_190,8559,2024-01-26 06:48:00
T0359,ACC_011,ACC_069,7986,2024-01-29 08:35:00
T0360,ACC_016,ACC_108,8061,2024-01-03 21:59:00
T0361,ACC_028,ACC_062,6202,2024-01-29 00:16:00
T0362,ACC_095,ACC_042,1493,2024-02-02 18:05:00
T0363,ACC_180,ACC_078,5682,2024-01-26 05:06:00
T0364,ACC_154,ACC_188,1837,2024-01-05 08:48:00
T0365,ACC_061,ACC_015,2992,2024-01-28 08:33:00
T0366,ACC_122,ACC_108,7067,2024-01-13 19:35:00
T0367,ACC_158,ACC_043,8886,2024-02-02 00:42:00
T0368,ACC_147,ACC_102,3124,2024-02-03 10:31:00
T0369,ACC_011,ACC_093,5932,2024-01-29 21:12:00
T0370,ACC_132,ACC_054,2022,2024-01-08 09:53:00
T0371,ACC_089,ACC_078,7183,2024-02-03 16:09:00
T0372,ACC_148,ACC_070,9532,2024-01-22 19:24:00
T0373,ACC_034,ACC_192,5142,2024-01-24 00:16:00
T0374,ACC_019,ACC_155,9615,2024-02-02 01:31:00
T0375,ACC_106,ACC_156,9151,2024-01-30 22:10:00
T0376,ACC_084,ACC_038,1209,2024-01-18 19:33:00
T0377,ACC_116,ACC_098,8014,2024-01-31 10:54:00
T0378,ACC_009,ACC_061,2258,2024-01-02 22:32:00
T0379,ACC_069,ACC_038,325,2024-01-29 13:16:00
T0380,ACC_058,ACC_127,828,2024-01-20 03:44:00
T0381,ACC_059,ACC_078,3713,2024-01-14 11:12:00
T0382,ACC_167,ACC_137,5058,2024-01-31 10:08:00
T0383,ACC_049,ACC_133,8193,2024-01-21 20:25:00
T0384,ACC_030,ACC_137,5815,2024-01-23 10:23:00
T0385,ACC_177,ACC_082,4627,2024-01-21 19:18:00
T0386,ACC_123,ACC_156,7647,2024-01-01 12:49:00
T0387,ACC_081,ACC_116,8493,2024-01-29 09:54:00
T0388,ACC_029,ACC_021,1120,2024-01-23 01:14:00
T0389,ACC_100,ACC_027,8471,2024-01-06 21:10:00
T0390,ACC_179,ACC_159,688,2024-01-25 18:05:00
T0391,ACC_156,ACC_043,5334,2024-02-01 22:40:00
T0392,ACC_193,ACC_074,174,2024-01-22 08:05:00
T0393,ACC_021,ACC_189,6029,2024-02-04 03:50:00
T0394,ACC_033,ACC_121,4633,2024-01-18 12:15:00
T0395,ACC_032,ACC_079,7986,2024-01-23 04:15:00
T0396,ACC_072,ACC_155,5541,2024-02-01 10:30:00
T0397,ACC_083,ACC_046,2995,2024-01-30 16:23:00
T0398,ACC_047,ACC_134,3902,2024-01-02 18:46:00
T0399,ACC_198,ACC_108,9430,2024-01-14 06:30:00
T0400,ACC_136,ACC_062,5932,2024-01-20 06:37:00
T0401,ACC_091,ACC_182,7721,2024-01-19 16:07:00
T0402,ACC_150,ACC_043,9677,2024-01-23 19:18:00
T0403,ACC_193,ACC_115,7652,2024-01-12 09:49:00
T0404,ACC_161,ACC_167,1610,2024-01-05 14:52:00
T0405,ACC_118,ACC_040,3229,2024-01-11 23:23:00
T0406,ACC_025,ACC_128,2770,2024-01-26 02:27:00
T0407,ACC_193,ACC_070,1673,2024-01-20 06:35:00
T0408,ACC_188,ACC_181,252,2024-01-08 12:39:00
T0409,ACC_173,ACC_077,101,2024-02-04 09:55:00
T0410,ACC_120,ACC_184,970,2024-01-29 17:03:00
T0411,ACC_096,ACC_025,5463,2024-02-04 18:41:00
T0412,ACC_120,ACC_082,9524,2024-01-10 16:51:00
T0413,ACC_064,ACC_084,7564,2024-01-22 08:05:00
T0414,ACC_182,ACC_183,239,2024-01-23 10:07:00
T0415,ACC_151,ACC_094,7287,2024-01-28 05:17:00
T0416,ACC_090,ACC_118,804,2024-01-17 15:05:00
T0417,ACC_008,ACC_061,1945,2024-01-19 22:03:00
T0418,ACC_032,ACC_102,5247,2024-01-24 15:53:00
T0419,ACC_143,ACC_081,2677,2024-01-29 00:37:00
T0420,ACC_185,ACC_022,286,2024-02-01 02:32:00
T0421,ACC_138,ACC_026,3083,2024-01-16 10:29:00
T0422,ACC_141,ACC_046,966,2024-01-19 22:51:00
T0423,ACC_051,ACC_122,600,2024-01-02 04:31:00
T0424,ACC_052,ACC_045,4813,2024-01-25 14:37:00
T0425,ACC_070,ACC_015,2061,2024-01-20 04:14:00
T0426,ACC_033,ACC_005,5015,2024-01-11 01:16:00
T0427,ACC_022,ACC_144,869,2024-01-28 14:36:00
T0428,ACC_160,ACC_085,9089,2024-01-02 18:35:00
T0429,ACC_166,ACC_172,6690,2024-01-09 16:42:00
T0430,ACC_089,ACC_120,5512,2024-01-05 23:19:00
T0431,ACC_130,ACC_077,1856,2024-01-23 06:47:00
T0432,ACC_199,ACC_155,410,2024-01-10 00:13:00
T0433,ACC_070,ACC_046,8822,2024-02-02 09:27:00
T0434,ACC_200,ACC_013,1727,2024-01-21 18:22:00
T0435,ACC_126,ACC_122,9118,2024-02-01 20:56:00
T0436,ACC_113,ACC_140,9505,2024-01-22 05:35:00
T0437,ACC_024,ACC_090,2591,2024-01-11 03:17:00
T0438,ACC_080,ACC_163,5432,2024-01-26 01:37:00
T0439,ACC_110,ACC_174,6714,2024-01-05 21:33:00
T0440,ACC_126,ACC_089,660,2024-01-14 10:18:00
T0441,ACC_062,ACC_120,1445,2024-02-03 18:39:00
T0442,ACC_091,ACC_106,9533,2024-01-02 08:31:00
T0443,ACC_190,ACC_159,209,2024-01-08 00:29:00
T0444,ACC_130,ACC_085,8362,2024-01-20 20:15:00
T0445,ACC_109,ACC_053,5449,2024-01-15 23:35:00
T0446,ACC_195,ACC_193,4305,2024-01-30 10:43:00
T0447,ACC_025,ACC_030,1054,2024-01-13 02:49:00
T0448,ACC_125,ACC_159,8807,2024-01-31 21:02:00
T0449,ACC_097,ACC_049,792,2024-01-22 07:41:00
T0450,ACC_150,ACC_195,4876,2024-01-13 15:33:00
T0451,ACC_177,ACC_189,271,2024-01-17 20:07:00
T0452,ACC_136,ACC_121,3106,2024-01-12 23:08:00
T0453,ACC_045,ACC_115,1089,2024-01-03 11:40:00
T0454,ACC_098,ACC_185,4674,2024-01-31 18:07:00
T0455,ACC_176,ACC_179,6299,2024-01-31 02:29:00
T0456,ACC_067,ACC_187,9555,2024-01-22 12:09:00
T0457,ACC_128,ACC_194,3121,2024-01-06 07:29:00
T0458,ACC_046,ACC_102,6696,2024-01-21 22:32:00
T0459,ACC_146,ACC_024,2080,2024-01-22 20:11:00
T0460,ACC_177,ACC_194,2314,2024-01-23 03:41:00
T0461,ACC_061,ACC_124,5068,2024-01-22 09:42:00
T0462,ACC_084,ACC_159,8050,2024-01-30 03:13:00
T0463,ACC_142,ACC_043,8576,2024-02-02 14:44:00
T0464,ACC_138,ACC_174,3424,2024-01-12 19:37:00
T0465,ACC_053,ACC_138,7173,2024-01-10 22:50:00
T0466,ACC_058,ACC_100,6897,2024-02-02 20:15:00
T0467,ACC_135,ACC_091,720,2024-01-16 08:49:00
T0468,ACC_026,ACC_006,2156,2024-01-21 07:35:00
T0469,ACC_068,ACC_032,4364,2024-01-19 06:53:00
T0470,ACC_010,ACC_008,5058,2024-01-11 09:42:00
T0471,ACC_056,ACC_179,4325,2024-02-01 17:20:00
T0472,ACC_192,ACC_048,1626,2024-01-05 02:42:00
T0473,ACC_116,ACC_076,9239,2024-01-16 20:17:00
T0474,ACC_005,ACC_130,6152,2024-01-29 06:08:00
T0475,ACC_017,ACC_086,2552,2024-01-15 20:04:00
T0476,ACC_044,ACC_076,6190,2024-01-02 14:13:00
T0477,ACC_118,ACC_008,7494,2024-01-05 23:57:00
T0478,ACC_115,ACC_044,561,2024-02-04 13:39:00
T0479,ACC_024,ACC_093,4564,2024-01-20 13:46:00
T0480,ACC_040,ACC_134,9214,2024-01-10 23:23:00
T0481,ACC_171,ACC_068,3297,2024-02-02 12:12:00
T0482,ACC_120,ACC_003,2843,2024-01-14 00:01:00
T0483,ACC_144,ACC_043,7524,2024-01-07 04:53:00
T0484,ACC_024,ACC_087,5351,2024-01-06 02:04:00
T0485,ACC_195,ACC_158,2331,2024-01-30 04:18:00
T0486,ACC_183,ACC_136,7493,2024-01-11 18:02:00
T0487,ACC_197,ACC_164,4779,2024-01-30 12:21:00
T0488,ACC_123,ACC_163,1000,2024-01-22 16:19:00
T0489,ACC_183,ACC_183,5141,2024-01-02 06:20:00
T0490,ACC_176,ACC_111,4624,2024-01-31 06:26:00
T0491,ACC_089,ACC_014,9631,2024-01-28 07:26:00
T0492,ACC_048,ACC_158,7445,2024-01-02 23:28:00
T0493,ACC_089,ACC_006,4552,2024-01-28 09:26:00
T0494,ACC_081,ACC_137,8711,2024-01-02 22:01:00
T0495,ACC_061,ACC_108,8822,2024-01-15 05:45:00
T0496,ACC_174,ACC_105,2312,2024-01-25 06:01:00
T0497,ACC_053,ACC_195,3422,2024-01-13 10:12:00
T0498,ACC_089,ACC_072,1142,2024-01-31 20:21:00
T0499,ACC_189,ACC_066,2897,2024-01-27 00:15:00
T0500,ACC_113,ACC_076,9982,2024-01-03 14:25:00
T0501,ACC_132,ACC_064,8126,2024-01-09 09:23:00
T0502,ACC_001,ACC_003,4131,2024-01-24 15:08:00
T0503,ACC_159,ACC_050,5695,2024-02-02 22:04:00
T0504,ACC_195,ACC_096,6474,2024-02-01 17:17:00
T0505,ACC_187,ACC_169,6503,2024-01-17 02:53:00
T0506,ACC_125,ACC_117,7798,2024-01-18 13:05:00
T0507,ACC_008,ACC_189,6294,2024-01-31 17:54:00
T0508,ACC_116,ACC_021,7524,2024-01-24 14:17:00
T0509,ACC_095,ACC_030,3134,2024-01-20 23:54:00
T0510,ACC_180,ACC_142,9210,2024-01-29 09:05:00
T0511,ACC_108,ACC_055,8035,2024-02-02 18:14:00
T0512,ACC_139,ACC_132,1049,2024-01-28 22:06:00
T0513,ACC_160,ACC_032,5300,2024-01-22 05:14:00
T0514,ACC_001,ACC_012,3273,2024-01-02 16:24:00
T0515,ACC_035,ACC_099,2503,2024-02-04 05:08:00
T0516,ACC_021,ACC_153,2112,2024-01-13 08:09:00
T0517,ACC_119,ACC_111,819,2024-01-27 01:54:00
T0518,ACC_064,ACC_004,4611,2024-01-08 05:43:00
T0519,ACC_003,ACC_111,8647,2024-01-12 22:52:00
T0520,ACC_166,ACC_025,334,2024-02-02 13:48:00
T0521,ACC_147,ACC_048,4118,2024-01-27 10:03:00
T0522,ACC_077,ACC_142,7260,2024-01-17 11:34:00
T0523,ACC_131,ACC_101,7871,2024-01-24 00:22:00
T0524,ACC_020,ACC_062,6465,2024-02-01 03:09:00
T0525,ACC_131,ACC_165,5667,2024-01-19 07:20:00
T0526,ACC_066,ACC_121,4534,2024-02-01 03:50:00
T0527,ACC_051,ACC_032,1130,2024-01-24 18:40:00
T0528,ACC_045,ACC_031,965,2024-01-31 15:59:00
T0529,ACC_079,ACC_166,1530,2024-02-02 21:36:00
T0530,ACC_079,ACC_098,6601,2024-01-12 21:15:00
T0531,ACC_051,ACC_151,5291,2024-01-30 09:18:00
T0532,ACC_200,ACC_135,1083,2024-01-20 12:05:00
T0533,ACC_081,ACC_152,4936,2024-01-22 11:01:00
T0534,ACC_022,ACC_066,8570,2024-01-21 11:17:00
T0535,ACC_179,ACC_018,4537,2024-01-08 06:36:00
T0536,ACC_059,ACC_137,2935,2024-01-21 23:54:00
T0537,ACC_027,ACC_091,5122,2024-01-03 07:58:00
T0538,ACC_184,ACC_031,7440,2024-01-16 05:24:00
T0539,ACC_088,ACC_143,8909,2024-01-17 21:00:00
T0540,ACC_176,ACC_072,9025,2024-01-24 03:16:00
T0541,ACC_046,ACC_039,6926,2024-01-20 14:19:00
T0542,ACC_199,ACC_045,682,2024-01-18 08:18:00
T0543,ACC_010,ACC_157,9735,2024-01-17 06:05:00
T0544,ACC_042,ACC_099,8969,2024-01-21 12:32:00
T0545,ACC_154,ACC_063,2510,2024-01-16 13:59:00
T0546,ACC_099,ACC_042,2661,2024-01-27 08:20:00
T0547,ACC_075,ACC_021,7703,2024-01-25 15:18:00
T0548,ACC_014,ACC_040,5523,2024-01-30 11:38:00
T0549,ACC_143,ACC_016,2969,2024-01-26 21:36:00
T0550,ACC_002,ACC_139,4965,2024-02-03 07:24:00
T0551,ACC_139,ACC_115,845,2024-01-21 22:28:00
T0552,ACC_135,ACC_019,5392,2024-02-04 12:29:00
T0553,ACC_165,ACC_187,2634,2024-01-28 15:29:00
T0554,ACC_200,ACC_128,5640,2024-01-13 15:29:00
T0555,ACC_107,ACC_180,2194,2024-01-14 11:22:00
T0556,ACC_052,ACC_042,5098,2024-02-04 18:10:00
T0557,ACC_005,ACC_155,4754,2024-01-06 22:19:00
T0558,ACC_121,ACC_041,8698,2024-01-21 18:28:00
T0559,ACC_014,ACC_059,4697,2024-01-05 07:41:00
T0560,ACC_075,ACC_133,6225,2024-01-03 07:08:00
T0561,ACC_094,ACC_134,7337,2024-01-21 03:55:00
T0562,ACC_102,ACC_096,5367,2024-01-12 03:42:00
T0563,ACC_166,ACC_096,3110,2024-01-24 23:01:00
T0564,ACC_148,ACC_143,6021,2024-02-02 06:59:00
T0565,ACC_068,ACC_107,9728,2024-01-18 11:34:00
T0566,ACC_087,ACC_161,3748,2024-01-20 01:02:00
T0567,ACC_006,ACC_157,9537,2024-01-06 02:55:00
T0568,ACC_107,ACC_072,3585,2024-01-12 15:52:00
T0569,ACC_071,ACC_015,9958,2024-01-27 09:45:00
T0570,ACC_045,ACC_058,1607,2024-02-01 12:38:00
T0571,ACC_197,ACC_153,9869,2024-01-05 18:27:00
T0572,ACC_062,ACC_027,2702,2024-01-28 15:58:00
T0573,ACC_024,ACC_199,3924,2024-01-04 22:06:00
T0574,ACC_047,ACC_059,8247,2024-01-05 12:22:00
T0575,ACC_187,ACC_140,6147,2024-01-10 16:45:00
T0576,ACC_074,ACC_059,9364,2024-01-03 10:42:00
T0577,ACC_005,ACC_071,7102,2024-01-22 13:15:00
T0578,ACC_080,ACC_065,1391,2024-01-13 17:20:00
T0579,ACC_010,ACC_139,1617,2024-01-02 14:47:00
T0580,ACC_191,ACC_122,2818,2024-01-18 01:07:00
T0581,ACC_092,ACC_004,7032,2024-01-30 13:13:00
T0582,ACC_066,ACC_087,2290,2024-01-08 23:48:00
T0583,ACC_136,ACC_197,2555,2024-01-16 08:40:00
T0584,ACC_144,ACC_171,5373,2024-01-10 09:32:00
T0585,ACC_043,ACC_186,7515,2024-01-22 15:56:00
T0586,ACC_002,ACC_109,3539,2024-01-02 13:06:00
T0587,ACC_109,ACC_082,1165,2024-02-02 19:26:00
T0588,ACC_128,ACC_052,8095,2024-01-29 02:08:00
T0589,ACC_066,ACC_057,1623,2024-01-05 23:35:00
T0590,ACC_056,ACC_032,5415,2024-01-11 08:47:00
T0591,ACC_129,ACC_055,4043,2024-02-02 07:01:00
T0592,ACC_156,ACC_125,3496,2024-01-30 20:55:00
T0593,ACC_036,ACC_116,9276,2024-01-24 06:14:00
T0594,ACC_140,ACC_012,9131,2024-01-04 02:28:00
T0595,ACC_193,ACC_088,5379,2024-01-13 03:21:00
T0596,ACC_173,ACC_114,1767,2024-01-25 02:52:00
T0597,ACC_155,ACC_153,7176,2024-01-14 18:21:00
T0598,ACC_108,ACC_098,2221,2024-01-05 04:55:00
T0599,ACC_142,ACC_192,9727,2024-01-09 22:58:00
T0600,ACC_084,ACC_183,2130,2024-01-22 01:30:00
T0601,ACC_135,ACC_033,2552,2024-02-02 02:47:00
T0602,ACC_146,ACC_107,4084,2024-01-16 17:42:00
T0603,ACC_002,ACC_028,9984,2024-01-14 10:41:00
T0604,ACC_001,ACC_032,7425,2024-01-23 16:04:00
T0605,ACC_005,ACC_176,6532,2024-01-17 17:52:00
T0606,ACC_046,ACC_126,4778,2024-01-07 03:11:00
T0607,ACC_120,ACC_040,3949,2024-02-02 13:13:00
T0608,ACC_037,ACC_107,5977,2024-01-14 04:57:00
T0609,ACC_148,ACC_113,2966,2024-01-22 13:55:00
T0610,ACC_009,ACC_002,2947,2024-01-10 07:24:00
T0611,ACC_017,ACC_007,8710,2024-01-21 11:33:00
T0612,ACC_142,ACC_140,6629,2024-01-28 11:20:00
T0613,ACC_110,ACC_076,6856,2024-01-29 05:08:00
T0614,ACC_083,ACC_177,164,2024-01-20 14:27:00
T0615,ACC_058,ACC_150,4287,2024-01-24 03:40:00
T0616,ACC_136,ACC_155,228,2024-02-02 06:46:00
T0617,ACC_160,ACC_091,8894,2024-01-25 08:13:00
T0618,ACC_040,ACC_132,5116,2024-01-26 01:06:00
T0619,ACC_096,ACC_025,872,2024-01-26 22:14:00
T0620,ACC_128,ACC_198,6763,2024-02-03 04:01:00
T0621,ACC_126,ACC_181,3866,2024-01-07 06:05:00
T0622,ACC_032,ACC_037,279,2024-01-30 08:48:00
T0623,ACC_087,ACC_088,3239,2024-01-08 23:32:00
T0624,ACC_069,ACC_147,7591,2024-01-11 08:45:00
T0625,ACC_102,ACC_003,7385,2024-01-09 10:06:00
T0626,ACC_026,ACC_130,7945,2024-01-16 04:39:00
T0627,ACC_179,ACC_114,8893,2024-01-09 13:38:00
T0628,ACC_189,ACC_050,251,2024-01-13 09:32:00
T0629,ACC_160,ACC_065,8372,2024-01-01 19:11:00
T0630,ACC_181,ACC_148,6011,2024-01-25 17:03:00
T0631,ACC_071,ACC_025,401,2024-01-18 13:54:00
T0632,ACC_020,ACC_194,1189,2024-01-28 15:41:00
T0633,ACC_128,ACC_031,6978,2024-01-04 00:01:00
T0634,ACC_018,ACC_137,450,2024-01-30 09:21:00
T0635,ACC_102,ACC_064,5736,2024-01-30 08:18:00
T0636,ACC_190,ACC_040,6686,2024-01-05 08:20:00
T0637,ACC_170,ACC_074,7493,2024-01-13 11:10:00
T0638,ACC_099,ACC_161,1194,2024-01-18 11:31:00
T0639,ACC_186,ACC_138,6555,2024-01-14 19:07:00
T0640,ACC_105,ACC_104,5459,2024-01-12 04:05:00
T0641,ACC_135,ACC_167,3178,2024-01-14 02:31:00
T0642,ACC_180,ACC_100,7770,2024-01-03 13:47:00
T0643,ACC_143,ACC_083,2683,2024-01-26 17:40:00
T0644,ACC_179,ACC_125,7122,2024-02-01 12:46:00
T0645,ACC_194,ACC_191,5192,2024-01-21 20:53:00
T0646,ACC_184,ACC_042,9202,2024-01-11 15:23:00
T0647,ACC_030,ACC_145,5560,2024-01-25 12:47:00
T0648,ACC_038,ACC_146,7945,2024-01-25 01:46:00
T0649,ACC_108,ACC_118,424,2024-02-02 03:38:00
T0650,ACC_145,ACC_131,4458,2024-01-22 08:52:00
T0651,ACC_055,ACC_154,8765,2024-01-02 16:20:00
T0652,ACC_189,ACC_111,7462,2024-01-12 14:11:00
T0653,ACC_102,ACC_056,574,2024-01-11 16:42:00
T0654,ACC_054,ACC_030,4186,2024-01-29 14:32:00
T0655,ACC_006,ACC_157,652,2024-01-03 11:24:00
T0656,ACC_066,ACC_163,2085,2024-01-04 18:24:00
T0657,ACC_088,ACC_150,5730,2024-02-03 09:14:00
T0658,ACC_081,ACC_141,9267,2024-01-08 16:06:00
T0659,ACC_110,ACC_020,3078,2024-01-28 22:25:00
T0660,ACC_200,ACC_092,2441,2024-01-07 08:41:00
T0661,ACC_190,ACC_133,4517,2024-02-01 15:12:00
T0662,ACC_021,ACC_037,4464,2024-01-11 00:26:00
T0663,ACC_068,ACC_167,5562,2024-01-03 08:26:00
T0664,ACC_149,ACC_082,2029,2024-01-25 23:30:00
T0665,ACC_033,ACC_189,6185,2024-01-30 01:17:00
T0666,ACC_177,ACC_189,4679,2024-01-19 06:52:00
T0667,ACC_126,ACC_090,860,2024-01-18 08:18:00
T0668,ACC_097,ACC_103,5653,2024-01-21 10:41:00
T0669,ACC_120,ACC_132,740,2024-01-04 04:58:00
T0670,ACC_103,ACC_131,2624,2024-01-26 06:16:00
T0671,ACC_154,ACC_174,8884,2024-01-12 13:38:00
T0672,ACC_178,ACC_193,488,2024-02-03 19:52:00
T0673,ACC_012,ACC_093,2412,2024-01-09 17:31:00
T0674,ACC_088,ACC_074,5636,2024-01-11 02:14:00
T0675,ACC_167,ACC_161,9685,2024-01-30 20:37:00
T0676,ACC_162,ACC_161,9139,2024-01-22 21:27:00
T0677,ACC_175,ACC_145,7920,2024-01-03 19:54:00
T0678,ACC_074,ACC_150,4036,2024-01-06 21:24:00
T0679,ACC_145,ACC_003,121,2024-01-05 07:53:00
T0680,ACC_030,ACC_047,3760,2024-01-09 14:33:00
T0681,ACC_033,ACC_199,2554,2024-01-12 10:49:00
T0682,ACC_017,ACC_160,8773,2024-01-03 02:55:00
T0683,ACC_180,ACC_197,1916,2024-01-13 15:09:00
T0684,ACC_119,ACC_096,6267,2024-01-04 11:01:00
T0685,ACC_041,ACC_142,1949,2024-01-13 23:38:00
T0686,ACC_116,ACC_105,6282,2024-01-08 03:27:00
T0687,ACC_088,ACC_031,5984,2024-01-16 07:02:00
T0688,ACC_089,ACC_088,509,2024-01-16 13:54:00
T0689,ACC_069,ACC_193,9431,2024-01-28 09:31:00
T0690,ACC_048,ACC_184,973,2024-01-18 09:48:00
T0691,ACC_145,ACC_082,5706,2024-01-03 15:25:00
T0692,ACC_064,ACC_173,9787,2024-01-07 09:13:00
T0693,ACC_086,ACC_073,9364,2024-02-04 07:29:00
T0694,ACC_153,ACC_156,6954,2024-01-23 12:34:00
T0695,ACC_005,ACC_015,7640,2024-01-11 22:30:00
T0696,ACC_072,ACC_167,4214,2024-01-29 10:41:00
T0697,ACC_158,ACC_066,9623,2024-01-18 15:22:00
T0698,ACC_086,ACC_035,4559,2024-01-22 06:13:00
T0699,ACC_019,ACC_060,8718,2024-01-10 01:00:00
T0700,ACC_043,ACC_077,9395,2024-01-31 15:50:00
T0701,ACC_079,ACC_200,3587,2024-01-14 03:51:00
T0702,ACC_005,ACC_017,668,2024-01-13 11:55:00
T0703,ACC_130,ACC_184,6957,2024-02-04 19:30:00
T0704,ACC_157,ACC_033,244,2024-01-02 21:58:00
T0705,ACC_158,ACC_135,4526,2024-01-09 20:14:00
T0706,ACC_104,ACC_007,1185,2024-02-01 07:55:00
T0707,ACC_171,ACC_180,9978,2024-01-09 07:28:00
T0708,ACC_018,ACC_192,9399,2024-01-18 04:11:00
T0709,ACC_001,ACC_030,2717,2024-01-12 20:13:00
T0710,ACC_139,ACC_060,2243,2024-01-26 20:31:00
T0711,ACC_021,ACC_141,5910,2024-01-30 02:19:00
T0712,ACC_065,ACC_121,8534,2024-01-25 22:33:00
T0713,ACC_103,ACC_200,8517,2024-01-07 04:07:00
T0714,ACC_071,ACC_098,1143,2024-01-21 09:04:00
T0715,ACC_001,ACC_050,4002,2024-01-16 19:28:00
T0716,ACC_070,ACC_057,3224,2024-01-19 12:48:00
T0717,ACC_179,ACC_017,4713,2024-02-02 09:01:00
T0718,ACC_018,ACC_168,4834,2024-01-16 07:25:00
T0719,ACC_024,ACC_069,3167,2024-01-03 12:49:00
T0720,ACC_094,ACC_159,3136,2024-01-14 09:32:00
T0721,ACC_088,ACC_005,4422,2024-01-07 01:48:00
T0722,ACC_139,ACC_012,7680,2024-01-23 05:23:00
T0723,ACC_106,ACC_033,7704,2024-01-31 09:13:00
T0724,ACC_048,ACC_007,3544,2024-01-23 13:41:00
T0725,ACC_075,ACC_109,6588,2024-02-04 12:01:00
T0726,ACC_140,ACC_150,632,2024-01-27 03:30:00
T0727,ACC_199,ACC_189,3014,2024-01-02 13:12:00
T0728,ACC_079,ACC_112,5774,2024-01-16 13:50:00
T0729,ACC_075,ACC_198,4135,2024-01-29 22:24:00
T0730,ACC_011,ACC_143,8357,2024-01-20 14:20:00
T0731,ACC_011,ACC_110,4709,2024-01-24 16:48:00
T0732,ACC_059,ACC_142,8603,2024-01-09 20:28:00
T0733,ACC_063,ACC_022,8857,2024-01-24 18:35:00
T0734,ACC_030,ACC_175,4313,2024-01-31 23:08:00
T0735,ACC_037,ACC_131,770,2024-01-26 14:15:00
T0736,ACC_056,ACC_018,556,2024-01-24 21:06:00
T0737,ACC_142,ACC_070,6259,2024-01-11 17:33:00
T0738,ACC_108,ACC_139,2324,2024-01-13 05:55:00
T0739,ACC_048,ACC_182,2900,2024-01-01 21:57:00
T0740,ACC_182,ACC_152,4025,2024-01-29 16:37:00
T0741,ACC_166,ACC_151,5045,2024-01-07 01:51:00
T0742,ACC_058,ACC_135,9472,2024-01-07 23:47:00
T0743,ACC_052,ACC_003,4903,2024-01-03 06:07:00
T0744,ACC_078,ACC_117,9235,2024-01-28 00:52:00
T0745,ACC_092,ACC_025,9920,2024-01-09 21:35:00
T0746,ACC_158,ACC_038,570,2024-01-03 16:38:00
T0747,ACC_047,ACC_152,8113,2024-01-24 11:21:00
T0748,ACC_111,ACC_001,4778,2024-01-28 07:54:00
T0749,ACC_012,ACC_164,7136,2024-01-10 15:04:00
T0750,ACC_162,ACC_185,3209,2024-01-19 15:02:00
T0751,ACC_008,ACC_117,838,2024-02-01 02:35:00
T0752,ACC_171,ACC_145,1044,2024-01-10 15:47:00
T0753,ACC_053,ACC_041,5848,2024-01-09 02:14:00
T0754,ACC_045,ACC_051,2075,2024-01-03 19:00:00
T0755,ACC_021,ACC_035,4450,2024-01-05 07:24:00
T0756,ACC_187,ACC_180,3314,2024-01-15 15:05:00
T0757,ACC_096,ACC_018,7055,2024-01-24 21:36:00
T0758,ACC_149,ACC_197,3967,2024-01-25 00:13:00
T0759,ACC_157,ACC_021,6728,2024-01-29 20:27:00
T0760,ACC_177,ACC_157,4201,2024-01-18 03:19:00
T0761,ACC_130,ACC_107,3013,2024-01-07 22:40:00
T0762,ACC_143,ACC_053,2657,2024-01-24 15:24:00
T0763,ACC_030,ACC_164,8100,2024-01-12 04:55:00
T0764,ACC_042,ACC_191,1495,2024-01-18 21:30:00
T0765,ACC_058,ACC_054,6265,2024-01-09 08:35:00
T0766,ACC_123,ACC_090,3988,2024-01-27 21:14:00
T0767,ACC_185,ACC_015,2837,2024-01-19 23:46:00
T0768,ACC_141,ACC_056,4409,2024-01-25 22:18:00
T0769,ACC_064,ACC_157,8538,2024-01-14 04:37:00
T0770,ACC_134,ACC_043,9192,2024-01-13 22:00:00
T0771,ACC_018,ACC_195,170,2024-01-06 18:20:00
T0772,ACC_173,ACC_192,3235,2024-01-20 22:19:00
T0773,ACC_127,ACC_194,4520,2024-01-23 19:21:00
T0774,ACC_091,ACC_200,3211,2024-01-24 17:07:00
T0775,ACC_035,ACC_136,2957,2024-01-23 19:27:00
T0776,ACC_010,ACC_122,5378,2024-02-05 00:49:00
T0777,ACC_107,ACC_148,9465,2024-01-21 01:42:00
T0778,ACC_005,ACC_200,8961,2024-01-20 19:44:00
T0779,ACC_022,ACC_081,2622,2024-02-01 23:49:00
T0780,ACC_112,ACC_182,874,2024-01-18 08:16:00
T0781,ACC_081,ACC_069,2277,2024-01-07 11:04:00
T0782,ACC_100,ACC_141,1757,2024-01-08 10:57:00
T0783,ACC_148,ACC_095,2376,2024-01-20 01:34:00
T0784,ACC_162,ACC_200,8358,2024-01-25 12:33:00
T0785,ACC_098,ACC_191,1653,2024-01-23 09:13:00
T0786,ACC_102,ACC_162,743,2024-01-25 07:52:00
T0787,ACC_169,ACC_157,3488,2024-01-06 03:37:00
T0788,ACC_074,ACC_033,4935,2024-01-09 12:47:00
T0789,ACC_071,ACC_144,3193,2024-01-10 05:54:00
T0790,ACC_047,ACC_006,1054,2024-01-02 20:19:00
T0791,ACC_187,ACC_185,3249,2024-01-27 23:10:00
T0792,ACC_155,ACC_042,7232,2024-01-26 20:46:00
T0793,ACC_113,ACC_020,5704,2024-02-04 20:15:00
T0794,ACC_003,ACC_163,9208,2024-01-02 18:29:00
T0795,ACC_108,ACC_031,2151,2024-01-09 02:30:00
T0796,ACC_137,ACC_030,543,2024-01-07 20:21:00
T0797,ACC_104,ACC_026,8490,2024-01-05 05:27:00
T0798,ACC_030,ACC_011,7386,2024-01-16 19:01:00
T0799,ACC_149,ACC_021,9043,2024-01-25 09:15:00
T0800,ACC_093,ACC_177,3024,2024-01-25 02:39:00
T0801,ACC_168,ACC_058,1445,2024-01-19 01:50:00
T0802,ACC_017,ACC_187,9237,2024-01-20 07:25:00
T0803,ACC_083,ACC_168,1203,2024-01-13 05:19:00
T0804,ACC_026,ACC_032,4212,2024-01-17 11:48:00
T0805,ACC_172,ACC_160,5438,2024-01-08 03:04:00
T0806,ACC_042,ACC_011,4378,2024-01-11 11:36:00
T0807,ACC_175,ACC_051,5885,2024-02-04 09:26:00
T0808,ACC_118,ACC_066,5683,2024-01-15 14:55:00
T0809,ACC_013,ACC_079,5548,2024-01-12 02:08:00
T0810,ACC_041,ACC_179,8620,2024-01-19 14:45:00
T0811,ACC_189,ACC_050,9560,2024-01-31 13:18:00
T0812,ACC_026,ACC_096,2258,2024-02-02 15:11:00
T0813,ACC_185,ACC_170,2539,2024-01-18 10:18:00
T0814,ACC_184,ACC_189,3780,2024-01-12 23:55:00
T0815,ACC_019,ACC_116,1993,2024-01-08 09:27:00
T0816,ACC_140,ACC_110,1780,2024-01-11 08:00:00
T0817,ACC_065,ACC_134,4763,2024-01-07 01:36:00
T0818,ACC_136,ACC_060,4466,2024-01-20 17:17:00
T0819,ACC_194,ACC_174,1317,2024-01-21 00:33:00
T0820,ACC_023,ACC_110,3434,2024-01-26 20:11:00
T0821,ACC_071,ACC_013,2763,2024-02-03 15:33:00
T0822,ACC_039,ACC_032,9241,2024-01-16 09:10:00
T0823,ACC_179,ACC_155,8154,2024-01-28 15:33:00
T0824,ACC_144,ACC_072,647,2024-01-31 06:48:00
T0825,ACC_100,ACC_036,7245,2024-01-10 17:48:00
T0826,ACC_160,ACC_005,7723,2024-01-03 03:24:00
T0827,ACC_103,ACC_044,5140,2024-01-03 08:14:00
T0828,ACC_011,ACC_002,7915,2024-01-13 15:38:00
T0829,ACC_012,ACC_167,5942,2024-01-06 21:14:00
T0830,ACC_051,ACC_194,9549,2024-01-11 11:11:00
T0831,ACC_167,ACC_056,3852,2024-01-17 21:08:00
T0832,ACC_090,ACC_153,2007,2024-01-04 09:02:00
T0833,ACC_021,ACC_050,9633,2024-01-12 16:46:00
T0834,ACC_200,ACC_075,6766,2024-01-31 08:20:00
T0835,ACC_033,ACC_181,9998,2024-01-27 13:35:00
T0836,ACC_100,ACC_027,8423,2024-01-09 10:27:00
T0837,ACC_029,ACC_098,8091,2024-01-04 13:01:00
T0838,ACC_070,ACC_155,6153,2024-01-18 08:33:00
T0839,ACC_112,ACC_175,6560,2024-01-22 21:21:00
T0840,ACC_192,ACC_184,7858,2024-01-25 22:39:00
T0841,ACC_149,ACC_069,1533,2024-01-15 04:17:00
T0842,ACC_114,ACC_162,6775,2024-01-15 13:31:00
T0843,ACC_114,ACC_077,5225,2024-01-25 01:12:00
T0844,ACC_179,ACC_171,289,2024-01-25 20:45:00
T0845,ACC_197,ACC_186,6768,2024-02-04 17:59:00
T0846,ACC_067,ACC_113,3594,2024-01-06 07:44:00
T0847,ACC_101,ACC_057,9771,2024-01-26 13:20:00
T0848,ACC_150,ACC_031,2294,2024-01-31 12:27:00
T0849,ACC_001,ACC_090,3567,2024-01-31 21:20:00
T0850,ACC_080,ACC_101,4277,2024-01-09 15:02:00
T0851,ACC_057,ACC_028,3983,2024-01-04 06:25:00
T0852,ACC_200,ACC_044,2979,2024-02-04 23:02:00
T0853,ACC_100,ACC_096,7527,2024-01-10 12:03:00
T0854,ACC_184,ACC_041,9127,2024-01-09 17:58:00
T0855,ACC_172,ACC_021,8172,2024-02-04 14:46:00
T0856,ACC_127,ACC_121,6598,2024-01-28 18:47:00
T0857,ACC_161,ACC_150,7141,2024-01-04 22:55:00
T0858,ACC_189,ACC_124,2018,2024-01-17 14:37:00
T0859,ACC_067,ACC_200,1437,2024-01-22 04:43:00
T0860,ACC_190,ACC_174,7578,2024-01-11 14:34:00
T0861,ACC_078,ACC_103,8489,2024-01-20 21:29:00
T0862,ACC_167,ACC_180,6103,2024-01-30 23:06:00
T0863,ACC_011,ACC_172,5826,2024-01-18 01:46:00
T0864,ACC_044,ACC_099,3828,2024-01-01 21:40:00
T0865,ACC_009,ACC_061,7349,2024-01-30 01:48:00
T0866,ACC_016,ACC_177,6353,2024-01-09 02:16:00
T0867,ACC_194,ACC_077,3110,2024-01-27 12:25:00
T0868,ACC_001,ACC_052,8564,2024-01-19 04:57:00
T0869,ACC_022,ACC_128,8767,2024-01-22 18:12:00
T0870,ACC_046,ACC_007,220,2024-01-29 15:48:00
T0871,ACC_134,ACC_165,9055,2024-02-04 09:02:00
T0872,ACC_132,ACC_196,8025,2024-01-05 06:14:00
T0873,ACC_196,ACC_192,3709,2024-01-09 20:22:00
T0874,ACC_187,ACC_021,7133,2024-01-09 23:01:00
T0875,ACC_150,ACC_097,6308,2024-02-01 07:06:00
T0876,ACC_052,ACC_123,5965,2024-01-01 13:42:00
T0877,ACC_059,ACC_139,8116,2024-02-02 12:46:00
T0878,ACC_183,ACC_124,7647,2024-01-18 08:33:00
T0879,ACC_050,ACC_064,2905,2024-02-03 19:13:00
T0880,ACC_018,ACC_041,338,2024-01-09 18:35:00
T0881,ACC_086,ACC_114,358,2024-01-31 07:46:00
T0882,ACC_019,ACC_054,5875,2024-01-20 06:07:00
T0883,ACC_133,ACC_014,2229,2024-01-04 11:05:00
T0884,ACC_155,ACC_010,288,2024-01-13 12:57:00
T0885,ACC_043,ACC_187,8895,2024-01-22 11:51:00
T0886,ACC_026,ACC_131,990,2024-02-05 00:08:00
T0887,ACC_072,ACC_008,3285,2024-01-21 07:17:00
T0888,ACC_151,ACC_031,4600,2024-01-10 01:21:00
T0889,ACC_197,ACC_105,1207,2024-01-02 22:12:00
T0890,ACC_155,ACC_048,3943,2024-02-03 17:18:00
T0891,ACC_128,ACC_100,9819,2024-01-21 02:08:00
T0892,ACC_164,ACC_020,1732,2024-01-29 05:53:00
T0893,ACC_018,ACC_031,791,2024-02-01 12:41:00
T0894,ACC_155,ACC_017,3105,2024-01-05 10:43:00
T0895,ACC_134,ACC_035,2840,2024-01-28 07:45:00
T0896,ACC_014,ACC_029,7424,2024-01-28 00:11:00
T0897,ACC_200,ACC_185,9518,2024-02-04 16:56:00
T0898,ACC_166,ACC_038,7913,2024-01-24 09:18:00
T0899,ACC_185,ACC_186,5540,2024-01-14 10:51:00
T0900,ACC_187,ACC_161,2739,2024-01-10 04:22:00
T0901,ACC_062,ACC_128,8624,2024-01-18 04:11:00
T0902,ACC_152,ACC_035,9302,2024-02-04 03:58:00
T0903,ACC_194,ACC_120,8609,2024-01-06 21:26:00
T0904,ACC_141,ACC_198,3455,2024-02-01 12:14:00
T0905,ACC_010,ACC_171,3347,2024-01-09 02:43:00
T0906,ACC_032,ACC_065,4149,2024-01-24 04:37:00
T0907,ACC_195,ACC_085,2305,2024-01-04 03:54:00
T0908,ACC_009,ACC_157,4036,2024-01-24 00:15:00
T0909,ACC_099,ACC_162,2260,2024-01-24 20:51:00
T0910,ACC_083,ACC_108,5007,2024-01-29 07:47:00
T0911,ACC_025,ACC_073,5283,2024-01-18 14:33:00
T0912,ACC_179,ACC_039,1076,2024-02-04 03:02:00
T0913,ACC_076,ACC_156,5721,2024-01-26 06:37:00
T0914,ACC_104,ACC_015,4808,2024-01-03 04:18:00
T0915,ACC_158,ACC_039,2068,2024-01-26 15:22:00
T0916,ACC_185,ACC_089,8576,2024-01-18 05:04:00
T0917,ACC_125,ACC_069,1656,2024-01-30 09:45:00
T0918,ACC_047,ACC_080,4623,2024-01-08 04:35:00
T0919,ACC_148,ACC_168,4676,2024-01-31 01:02:00
T0920,ACC_002,ACC_102,7259,2024-01-24 10:46:00
T0921,ACC_046,ACC_121,8955,2024-01-06 16:34:00
T0922,ACC_106,ACC_093,176,2024-02-02 12:11:00
T0923,ACC_194,ACC_059,9013,2024-02-04 05:00:00
T0924,ACC_091,ACC_128,1805,2024-01-24 14:19:00
T0925,ACC_192,ACC_136,9102,2024-01-13 19:33:00
T0926,ACC_173,ACC_172,9643,2024-01-15 21:04:00
T0927,ACC_142,ACC_072,8082,2024-01-31 13:53:00
T0928,ACC_165,ACC_153,2304,2024-01-06 13:41:00
T0929,ACC_006,ACC_116,1357,2024-01-21 07:12:00
T0930,ACC_064,ACC_163,3054,2024-01-22 00:38:00
T0931,ACC_120,ACC_130,8053,2024-02-04 06:06:00
T0932,ACC_168,ACC_051,5479,2024-01-29 22:06:00
T0933,ACC_152,ACC_012,5006,2024-01-06 21:24:00
T0934,ACC_057,ACC_198,6887,2024-01-10 08:50:00
T0935,ACC_057,ACC_022,4038,2024-01-18 22:10:00
T0936,ACC_158,ACC_052,3801,2024-01-04 21:54:00
T0937,ACC_185,ACC_027,8809,2024-01-24 22:44:00
T0938,ACC_068,ACC_108,3350,2024-01-16 02:15:00
T0939,ACC_153,ACC_013,6232,2024-01-20 16:26:00
T0940,ACC_188,ACC_062,8715,2024-01-05 12:31:00
T0941,ACC_199,ACC_085,604,2024-01-08 22:11:00
T0942,ACC_058,ACC_076,9996,2024-01-06 17:30:00
T0943,ACC_040,ACC_145,7433,2024-01-06 11:17:00
T0944,ACC_107,ACC_098,9070,2024-02-02 05:40:00
T0945,ACC_102,ACC_046,6482,2024-01-27 11:45:00
T0946,ACC_007,ACC_066,1394,2024-01-28 02:16:00
T0947,ACC_024,ACC_059,8137,2024-02-02 10:34:00
T0948,ACC_032,ACC_140,4144,2024-01-16 03:23:00
T0949,ACC_195,ACC_023,4697,2024-02-02 00:06:00
T0950,ACC_193,ACC_042,7326,2024-02-03 23:32:00
T0951,ACC_026,ACC_025,2376,2024-01-05 15:14:00
T0952,ACC_186,ACC_161,5165,2024-01-15 21:46:00
T0953,ACC_139,ACC_068,675,2024-01-25 23:57:00
T0954,ACC_183,ACC_007,6744,2024-01-05 22:58:00
T0955,ACC_112,ACC_157,7086,2024-01-30 21:53:00
T0956,ACC_113,ACC_172,2391,2024-01-23 16:55:00
T0957,ACC_180,ACC_091,6954,2024-01-13 23:08:00
T0958,ACC_166,ACC_166,8170,2024-01-14 00:57:00
T0959,ACC_187,ACC_053,4049,2024-01-23 19:27:00
T0960,ACC_168,ACC_161,2364,2024-01-15 01:54:00
T0961,ACC_038,ACC_188,4142,2024-01-06 23:21:00
T0962,ACC_197,ACC_035,8014,2024-01-19 14:57:00
T0963,ACC_185,ACC_101,608,2024-01-28 04:58:00
T0964,ACC_055,ACC_056,1020,2024-01-16 00:30:00
T0965,ACC_150,ACC_100,8372,2024-01-29 16:42:00
T0966,ACC_164,ACC_122,100,2024-01-13 01:41:00
T0967,ACC_084,ACC_066,1432,2024-02-04 02:23:00
T0968,ACC_146,ACC_197,6463,2024-01-05 14:33:00
T0969,ACC_028,ACC_007,6472,2024-01-29 06:59:00
T0970,ACC_055,ACC_190,8727,2024-01-27 05:46:00
T0971,ACC_134,ACC_066,9159,2024-01-06 03:53:00
T0972,ACC_061,ACC_189,7474,2024-01-29 04:57:00
T0973,ACC_116,ACC_024,9056,2024-02-03 10:36:00
T0974,ACC_183,ACC_084,9044,2024-01-28 06:25:00
T0975,ACC_105,ACC_140,9781,2024-01-27 01:24:00
T0976,ACC_011,ACC_075,8957,2024-01-31 20:02:00
T0977,ACC_190,ACC_038,1181,2024-01-19 22:07:00
T0978,ACC_102,ACC_059,9887,2024-01-30 03:58:00
T0979,ACC_071,ACC_142,9155,2024-02-02 14:07:00
T0980,ACC_175,ACC_029,7024,2024-01-17 22:40:00
T0981,ACC_052,ACC_099,6640,2024-01-13 12:31:00
T0982,ACC_127,ACC_004,8404,2024-01-27 12:47:00
T0983,ACC_042,ACC_096,4829,2024-01-22 20:11:00
T0984,ACC_097,ACC_113,7638,2024-01-14 03:24:00
T0985,ACC_037,ACC_005,7137,2024-02-02 01:14:00
T0986,ACC_024,ACC_033,7663,2024-01-05 14:34:00
T0987,ACC_050,ACC_140,1083,2024-01-04 11:41:00
T0988,ACC_036,ACC_016,9746,2024-02-01 20:30:00
T0989,ACC_090,ACC_039,1724,2024-01-25 18:50:00
T0990,ACC_058,ACC_021,9900,2024-01-23 16:31:00
T0991,ACC_023,ACC_122,3180,2024-01-10 14:37:00
T0992,ACC_178,ACC_135,9073,2024-01-05 18:39:00
T0993,ACC_109,ACC_016,4350,2024-01-27 10:53:00
T0994,ACC_042,ACC_175,8556,2024-01-02 13:38:00
T0995,ACC_101,ACC_122,8031,2024-01-30 11:36:00
T0996,ACC_124,ACC_063,1414,2024-01-28 02:58:00
T0997,ACC_195,ACC_012,6015,2024-01-19 03:28:00
T0998,ACC_088,ACC_166,359,2024-02-04 01:13:00
T0999,ACC_079,ACC_130,908,2024-01-04 09:24:00
T1000,ACC_083,ACC_049,6296,2024-01-24 04:05:00
